Form Family,Agency Owner,Form Name,Form Key,Adobe Form,Form Schema,FID,Form Items Description,FID link,Form Instructions,GG Version,OMB Number,OMB Expiration
R&R Family,HHS,Standardized Work Plan (SWP),Standardized_Work_Plan-V1.0_F645,https://apply07.grants.gov/apply/forms/sample/Standardized_Work_Plan-V1.0.pdf,https://apply07.grants.gov/apply/forms/schemas/Standardized_Work_Plan-V1.0.xsd,645,fid/645,https://www.grants.gov/forms/form-items-description/fid/645,,1,0906-0049,12/31/2026
R&R Family,Grants.gov,Disclosure of Lobbying Activities (SF-LLL),SFLLL_2_0-V2.0_F670,https://apply07.grants.gov/apply/forms/sample/SFLLL_2_0-V2.0.pdf,https://apply07.grants.gov/apply/forms/schemas/SFLLL_2_0-V2.0.xsd,670,fid/670,https://www.grants.gov/forms/form-items-description/fid/670,https://apply07.grants.gov/apply/forms/instructions/SFLLL_2_0-V2.0-Instructions.pdf,2,4040-0013,02/28/2025
R&R Family,USDA,USDA AD-1047,AD_1047-V1.0_F545,https://apply07.grants.gov/apply/forms/sample/AD_1047-V1.0.pdf,https://apply07.grants.gov/apply/forms/schemas/AD_1047-V1.0.xsd,545,fid/545,https://www.grants.gov/forms/form-items-description/fid/545,,1,0505-0027,09/30/2025
R&R Family,HHS,PHS 398 Training Subaward Budget Attachment(s) Form,PHS398_TrainingSubawardBudget_3_0-V3.0_F732,https://apply07.grants.gov/apply/forms/sample/PHS398_TrainingSubawardBudget_3_0-V3.0.pdf,https://apply07.grants.gov/apply/forms/schemas/PHS398_TrainingSubawardBudget_3_0-V3.0.xsd,732,fid/732,https://www.grants.gov/forms/form-items-description/fid/732,,3,0925-0001,12/31/2027
R&R Family,Grants.gov,Research & Related Budget 10YR,RR_Budget10_3_0-V3.0_F771,https://apply07.grants.gov/apply/forms/sample/RR_Budget10_3_0-V3.0.pdf,https://apply07.grants.gov/apply/forms/schemas/RR_Budget10_3_0-V3.0.xsd,771,fid/771,https://www.grants.gov/forms/form-items-description/fid/771,,3,4040-0001,11/30/2025
R&R Family,Grants.gov,Research And Related Other Project Information,RR_OtherProjectInfo_1_4-V1.4_F619,https://apply07.grants.gov/apply/forms/sample/RR_OtherProjectInfo_1_4-V1.4.pdf,https://apply07.grants.gov/apply/forms/schemas/RR_OtherProjectInfo_1_4-V1.4.xsd,619,fid/619,https://www.grants.gov/forms/form-items-description/fid/619,https://apply07.grants.gov/apply/forms/instructions/RR_OtherProjectInfo_1_4-V1.4-Instructions.pdf,1.4,4040-0001,11/30/2025
R&R Family,Grants.gov,SBIR/STTR Information,SBIR_STTR_Information_3_0-V3.0_F787,https://apply07.grants.gov/apply/forms/sample/SBIR_STTR_Information_3_0-V3.0.pdf,https://apply07.grants.gov/apply/forms/schemas/SBIR_STTR_Information_3_0-V3.0.xsd,787,fid/787,https://www.grants.gov/forms/form-items-description/fid/787,,3,4040-0001,11/30/2025
R&R Family,DOC,CD511 Form,CD511-V1.1_F276,https://apply07.grants.gov/apply/forms/sample/CD511-V1.1.pdf,https://apply07.grants.gov/apply/forms/schemas/CD511-V1.1.xsd,276,fid/276,https://www.grants.gov/forms/form-items-description/fid/276,,1.1,,
R&R Family,Grants.gov,Project Abstract Summary,Project_AbstractSummary_2_0-V2.0_F591,https://apply07.grants.gov/apply/forms/sample/Project_AbstractSummary_2_0-V2.0.pdf,https://apply07.grants.gov/apply/forms/schemas/Project_AbstractSummary_2_0-V2.0.xsd,591,fid/591,https://www.grants.gov/forms/form-items-description/fid/591,,2,4040-0019,02/28/2025
R&R Family,Grants.gov,SF424 (R & R),RR_SF424_5_0-V5.0_F768,https://apply07.grants.gov/apply/forms/sample/RR_SF424_5_0-V5.0.pdf,https://apply07.grants.gov/apply/forms/schemas/RR_SF424_5_0-V5.0.xsd,768,fid/768,https://www.grants.gov/forms/form-items-description/fid/768,https://apply07.grants.gov/apply/forms/instructions/RR_SF424_5_0-V5.0-Instructions.pdf,5,4040-0001,11/30/2025
R&R Family,Grants.gov,SF-424 R&R Multi-Project Cover,RR_SF424_Multi_Project_Cover_4_0-V4.0_F769,https://apply07.grants.gov/apply/forms/sample/RR_SF424_Multi_Project_Cover_4_0-V4.0.pdf,https://apply07.grants.gov/apply/forms/schemas/RR_SF424_Multi_Project_Cover_4_0-V4.0.xsd,769,fid/769,https://www.grants.gov/forms/form-items-description/fid/769,,4,4040-0001,11/30/2025
R&R Family,Grants.gov,R & R Subaward Budget Attachment(s) Form,RR_SubawardBudget_3_0-V3.0_F776,https://apply07.grants.gov/apply/forms/sample/RR_SubawardBudget_3_0-V3.0.pdf,https://apply07.grants.gov/apply/forms/schemas/RR_SubawardBudget_3_0-V3.0.xsd,776,fid/776,https://www.grants.gov/forms/form-items-description/fid/776,,3,4040-0001,11/30/2025
R&R Family,HHS,PHS 398 Research Plan,PHS398_ResearchPlan_5_0-V5.0_F797,https://apply07.grants.gov/apply/forms/sample/PHS398_ResearchPlan_5_0-V5.0.pdf,https://apply07.grants.gov/apply/forms/schemas/PHS398_ResearchPlan_5_0-V5.0.xsd,797,fid/797,https://www.grants.gov/forms/form-items-description/fid/797,,5,0925-0001,12/31/2027
R&R Family,Grants.gov,Budget Information for Non-Construction Programs (SF-424A),SF424A-V1.0_F241,https://apply07.grants.gov/apply/forms/sample/SF424A-V1.0.pdf,https://apply07.grants.gov/apply/forms/schemas/SF424A-V1.0.xsd,241,fid/241,https://www.grants.gov/forms/form-items-description/fid/241,https://apply07.grants.gov/apply/forms/instructions/SF424A-V1.0-Instructions.pdf,1,4040-0006,02/28/2025
R&R Family,Grants.gov,Research and Related Senior/Key Person Profile (Expanded),RR_KeyPersonExpanded_4_0-V4.0_F774,https://apply07.grants.gov/apply/forms/sample/RR_KeyPersonExpanded_4_0-V4.0.pdf,https://apply07.grants.gov/apply/forms/schemas/RR_KeyPersonExpanded_4_0-V4.0.xsd,774,fid/774,https://www.grants.gov/forms/form-items-description/fid/774,https://apply07.grants.gov/apply/forms/instructions/RR_KeyPersonExpanded_4_0-V4.0-Instructions.pdf,4,4040-0001,11/30/2025
R&R Family,Grants.gov,R & R Subaward Budget Attachment(s) Form 10 YR 30 ATT,RR_SubawardBudget10_30_3_0-V3.0_F780,https://apply07.grants.gov/apply/forms/sample/RR_SubawardBudget10_30_3_0-V3.0.pdf,https://apply07.grants.gov/apply/forms/schemas/RR_SubawardBudget10_30_3_0-V3.0.xsd,780,fid/780,https://www.grants.gov/forms/form-items-description/fid/780,,3,4040-0001,11/30/2025
R&R Family,Grants.gov,Research & Related Personal Data,RR_PersonalData_1_2-V1.2_F357,https://apply07.grants.gov/apply/forms/sample/RR_PersonalData_1_2-V1.2.pdf,https://apply07.grants.gov/apply/forms/schemas/RR_PersonalData_1_2-V1.2.xsd,357,fid/357,https://www.grants.gov/forms/form-items-description/fid/357,https://apply07.grants.gov/apply/forms/instructions/RR_PersonalData_1_2-V1.2-Instructions.pdf,1.2,4040-0001,11/30/2025
R&R Family,NSF,NSF Deviation Authorization,NSF_DeviationAuthorization-V1.1_F306,https://apply07.grants.gov/apply/forms/sample/NSF_DeviationAuthorization-V1.1.pdf,https://apply07.grants.gov/apply/forms/schemas/NSF_DeviationAuthorization-V1.1.xsd,306,fid/306,https://www.grants.gov/forms/form-items-description/fid/306,,1.1,3145-0058,10/31/2025
R&R Family,HHS,NFLP Program Specific Data Forms,HRSA_NFLP_1_3-V1.3_F825,https://apply07.grants.gov/apply/forms/sample/HRSA_NFLP_1_3-V1.3.pdf,https://apply07.grants.gov/apply/forms/schemas/HRSA_NFLP_1_3-V1.3.xsd,825,fid/825,https://www.grants.gov/forms/form-items-description/fid/825,https://apply07.grants.gov/apply/forms/instructions/HRSA_NFLP_1_3-V1.3-Instructions.pdf,1.3,0915-0314,08/31/2026
R&R Family,NSF,NSF Suggested Reviewers,NSF_SuggestedReviewers-V1.1_F308,https://apply07.grants.gov/apply/forms/sample/NSF_SuggestedReviewers-V1.1.pdf,https://apply07.grants.gov/apply/forms/schemas/NSF_SuggestedReviewers-V1.1.xsd,308,fid/308,https://www.grants.gov/forms/form-items-description/fid/308,,1.1,3145-0058,10/31/2025
R&R Family,NSF,NSF Senior Key Person Profile (Expanded),NSF_KeyPersonExpanded_3_3-V3.3_F828,https://apply07.grants.gov/apply/forms/sample/NSF_KeyPersonExpanded_3_3-V3.3.pdf,https://apply07.grants.gov/apply/forms/schemas/NSF_KeyPersonExpanded_3_3-V3.3.xsd,828,fid/828,https://www.grants.gov/forms/form-items-description/fid/828,,3.3,3145-0058,10/31/2025
R&R Family,Grants.gov,R & R Subaward Budget Attachment(s) Form 5 YR 30 ATT,RR_SubawardBudget30_3_0-V3.0_F782,https://apply07.grants.gov/apply/forms/sample/RR_SubawardBudget30_3_0-V3.0.pdf,https://apply07.grants.gov/apply/forms/schemas/RR_SubawardBudget30_3_0-V3.0.xsd,782,fid/782,https://www.grants.gov/forms/form-items-description/fid/782,,3,4040-0001,11/30/2025
R&R Family,HHS,PHS 398 Training Budget,PHS398_TrainingBudget_2_0-V2.0_F740,https://apply07.grants.gov/apply/forms/sample/PHS398_TrainingBudget_2_0-V2.0.pdf,https://apply07.grants.gov/apply/forms/schemas/PHS398_TrainingBudget_2_0-V2.0.xsd,740,fid/740,https://www.grants.gov/forms/form-items-description/fid/740,,2,0925-0001,12/31/2027
R&R Family,Grants.gov,Project Narrative Attachment Form,ProjectNarrativeAttachments_1_2-V1.2_F539,https://apply07.grants.gov/apply/forms/sample/ProjectNarrativeAttachments_1_2-V1.2.pdf,https://apply07.grants.gov/apply/forms/schemas/ProjectNarrativeAttachments_1_2-V1.2.xsd,539,fid/539,https://www.grants.gov/forms/form-items-description/fid/539,https://apply07.grants.gov/apply/forms/instructions/ProjectNarrativeAttachments_1_2-V1.2-Instructions.pdf,1.2,,
R&R Family,HHS,PHS Assignment Request Form,PHS_AssignmentRequestForm_4_0-V4.0_F833,https://apply07.grants.gov/apply/forms/sample/PHS_AssignmentRequestForm_4_0-V4.0.pdf,https://apply07.grants.gov/apply/forms/schemas/PHS_AssignmentRequestForm_4_0-V4.0.xsd,833,fid/833,https://www.grants.gov/forms/form-items-description/fid/833,,4,0925-0001,12/31/2027
R&R Family,HHS,PHS Fellowship Supplemental Form,PHS_Fellowship_Supplemental_8_0-V8.0_F836,https://apply07.grants.gov/apply/forms/sample/PHS_Fellowship_Supplemental_8_0-V8.0.pdf,https://apply07.grants.gov/apply/forms/schemas/PHS_Fellowship_Supplemental_8_0-V8.0.xsd,836,fid/836,https://www.grants.gov/forms/form-items-description/fid/836,,8,0925-0001,12/31/2027
R&R Family,Grants.gov,Key Contacts,Key_Contacts_2_0-V2.0_F683,https://apply07.grants.gov/apply/forms/sample/Key_Contacts_2_0-V2.0.pdf,https://apply07.grants.gov/apply/forms/schemas/Key_Contacts_2_0-V2.0.xsd,683,fid/683,https://www.grants.gov/forms/form-items-description/fid/683,https://apply07.grants.gov/apply/forms/instructions/Key_Contacts_2_0-V2.0-Instructions.pdf,2,4040-0010,12/31/2026
R&R Family,HHS,ANE Program Specific Data Forms,HRSA_ANE-V1.0_F766,https://apply07.grants.gov/apply/forms/sample/HRSA_ANE-V1.0.pdf,https://apply07.grants.gov/apply/forms/schemas/HRSA_ANE-V1.0.xsd,766,fid/766,https://www.grants.gov/forms/form-items-description/fid/766,https://apply07.grants.gov/apply/forms/instructions/HRSA_ANE-V1.0-Instructions.pdf,1,0906-0089,04/30/2027
R&R Family,Grants.gov,Project/Performance Site Location(s),PerformanceSite_4_0-V4.0_F723,https://apply07.grants.gov/apply/forms/sample/PerformanceSite_4_0-V4.0.pdf,https://apply07.grants.gov/apply/forms/schemas/PerformanceSite_4_0-V4.0.xsd,723,fid/723,https://www.grants.gov/forms/form-items-description/fid/723,https://apply07.grants.gov/apply/forms/instructions/PerformanceSite_4_0-V4.0-Instructions.pdf,4,4040-0010,12/31/2026
R&R Family,USDA,USDA AD-1049,AD_1049_2_0-V2.0_F695,https://apply07.grants.gov/apply/forms/sample/AD_1049_2_0-V2.0.pdf,https://apply07.grants.gov/apply/forms/schemas/AD_1049_2_0-V2.0.xsd,695,fid/695,https://www.grants.gov/forms/form-items-description/fid/695,,2,0505-0027,09/30/2025
R&R Family,USDA,USDA AD-1050,AD_1050-V1.0_F548,https://apply07.grants.gov/apply/forms/sample/AD_1050-V1.0.pdf,https://apply07.grants.gov/apply/forms/schemas/AD_1050-V1.0.xsd,548,fid/548,https://www.grants.gov/forms/form-items-description/fid/548,,1,0505-0027,09/30/2025
R&R Family,Grants.gov,R & R Multi-Project Subaward Budget Attachment(s) Form 10YR 30ATT,RR_MP_SubawardBudget_3_0-V3.0_F789,https://apply07.grants.gov/apply/forms/sample/RR_MP_SubawardBudget_3_0-V3.0.pdf,https://apply07.grants.gov/apply/forms/schemas/RR_MP_SubawardBudget_3_0-V3.0.xsd,789,fid/789,https://www.grants.gov/forms/form-items-description/fid/789,,3,4040-0001,11/30/2025
R&R Family,HHS,Scholarships for Disadvantaged Students Program Specific Data Forms,HRSA_SDS_3_0-V3.0_F816,https://apply07.grants.gov/apply/forms/sample/HRSA_SDS_3_0-V3.0.pdf,https://apply07.grants.gov/apply/forms/schemas/HRSA_SDS_3_0-V3.0.xsd,816,fid/816,https://www.grants.gov/forms/form-items-description/fid/816,https://apply07.grants.gov/apply/forms/instructions/HRSA_SDS_3_0-V3.0-Instructions.pdf,3,0906-0073,11/30/2025
R&R Family,Grants.gov,Research & Related Senior/Key Person Profile,RR_KeyPerson_3_0-V3.0_F772,https://apply07.grants.gov/apply/forms/sample/RR_KeyPerson_3_0-V3.0.pdf,https://apply07.grants.gov/apply/forms/schemas/RR_KeyPerson_3_0-V3.0.xsd,772,fid/772,https://www.grants.gov/forms/form-items-description/fid/772,https://apply07.grants.gov/apply/forms/instructions/RR_KeyPerson_3_0-V3.0-Instructions.pdf,3,4040-0001,11/30/2025
R&R Family,NASA,NASA - Other Project Information,NASA_OtherProjectInformation-V1.0_F303,https://apply07.grants.gov/apply/forms/sample/NASA_OtherProjectInformation-V1.0.pdf,https://apply07.grants.gov/apply/forms/schemas/NASA_OtherProjectInformation-V1.0.xsd,303,fid/303,https://www.grants.gov/forms/form-items-description/fid/303,,1,2700-0092,10/31/2025
R&R Family,HHS,PHS 398 Modular Budget,PHS398_ModularBudget_1_2-V1.2_F403,https://apply07.grants.gov/apply/forms/sample/PHS398_ModularBudget_1_2-V1.2.pdf,https://apply07.grants.gov/apply/forms/schemas/PHS398_ModularBudget_1_2-V1.2.xsd,403,fid/403,https://www.grants.gov/forms/form-items-description/fid/403,,1.2,0925-0001,12/31/2027
R&R Family,HHS,PHS Human Subjects and Clinical Trials Information,PHSHumanSubjectsAndClinicalTrialsInfo_3_0-V3.0_F705,https://apply07.grants.gov/apply/forms/sample/PHSHumanSubjectsAndClinicalTrialsInfo_3_0-V3.0.pdf,https://apply07.grants.gov/apply/forms/schemas/PHSHumanSubjectsAndClinicalTrialsInfo_3_0-V3.0.xsd,705,fid/705,https://www.grants.gov/forms/form-items-description/fid/705,,3,0925-0001,12/31/2027
R&R Family,HHS,PHS Inclusion Enrollment Report,PHSInclusionEnrollmentReport-V1.0_F791,https://apply07.grants.gov/apply/forms/sample/PHSInclusionEnrollmentReport-V1.0.pdf,https://apply07.grants.gov/apply/forms/schemas/PHSInclusionEnrollmentReport-V1.0.xsd,791,fid/791,https://www.grants.gov/forms/form-items-description/fid/791,,1,0925-0770,11/30/2027
R&R Family,USDA,Disclosure of Foreign Relationships,ForeignDisclosure-V1.0_F820,https://apply07.grants.gov/apply/forms/sample/ForeignDisclosure-V1.0.pdf,https://apply07.grants.gov/apply/forms/schemas/ForeignDisclosure-V1.0.xsd,820,fid/820,https://www.grants.gov/forms/form-items-description/fid/820,,1,,09/30/2025
R&R Family,Grants.gov,Project Abstract,Project_Abstract_1_2-V1.2_F541,https://apply07.grants.gov/apply/forms/sample/Project_Abstract_1_2-V1.2.pdf,https://apply07.grants.gov/apply/forms/schemas/Project_Abstract_1_2-V1.2.xsd,541,fid/541,https://www.grants.gov/forms/form-items-description/fid/541,https://apply07.grants.gov/apply/forms/instructions/Project_Abstract_1_2-V1.2-Instructions.pdf,1.2,4040-0010,12/31/2026
R&R Family,USDA,NIFA Supplemental Information,NIFA_Supplemental_Info_1_2-V1.2_F483,https://apply07.grants.gov/apply/forms/sample/NIFA_Supplemental_Info_1_2-V1.2.pdf,https://apply07.grants.gov/apply/forms/schemas/NIFA_Supplemental_Info_1_2-V1.2.xsd,483,fid/483,https://www.grants.gov/forms/form-items-description/fid/483,,1.2,0524-0039,08/31/2025
R&R Family,Grants.gov,Assurances for Non-Construction Programs (SF-424B - R & R),RRSF424_SF424B-V1.1_F325,https://apply07.grants.gov/apply/forms/sample/RRSF424_SF424B-V1.1.pdf,https://apply07.grants.gov/apply/forms/schemas/RRSF424_SF424B-V1.1.xsd,325,fid/325,https://www.grants.gov/forms/form-items-description/fid/325,https://apply07.grants.gov/apply/forms/instructions/RRSF424_SF424B-V1.1-Instructions.pdf,1.1,4040-0007,02/28/2025
R&R Family,Grants.gov,Attachments,AttachmentForm_1_2-V1.2_F540,https://apply07.grants.gov/apply/forms/sample/AttachmentForm_1_2-V1.2.pdf,https://apply07.grants.gov/apply/forms/schemas/AttachmentForm_1_2-V1.2.xsd,540,fid/540,https://www.grants.gov/forms/form-items-description/fid/540,https://apply07.grants.gov/apply/forms/instructions/AttachmentForm_1_2-V1.2-Instructions.pdf,1.2,,
R&R Family,HHS,PHS Additional Indirect Costs,PHS_Additional_IndirectCosts_2_0-V2.0_F739,https://apply07.grants.gov/apply/forms/sample/PHS_Additional_IndirectCosts_2_0-V2.0.pdf,https://apply07.grants.gov/apply/forms/schemas/PHS_Additional_IndirectCosts_2_0-V2.0.xsd,739,fid/739,https://www.grants.gov/forms/form-items-description/fid/739,,2,0925-0001,12/31/2027
R&R Family,USDA,USDA AD-3030,AD_3030_2_0-V2.0_F582,https://apply07.grants.gov/apply/forms/sample/AD_3030_2_0-V2.0.pdf,https://apply07.grants.gov/apply/forms/schemas/AD_3030_2_0-V2.0.xsd,582,fid/582,https://www.grants.gov/forms/form-items-description/fid/582,,2,0505-0025,09/30/2025
R&R Family,Grants.gov,R & R Subaward Budget Attachment(s) Form 10 YR 10 ATT,RR_SubawardBudget10_10_3_0-V3.0_F778,https://apply07.grants.gov/apply/forms/sample/RR_SubawardBudget10_10_3_0-V3.0.pdf,https://apply07.grants.gov/apply/forms/schemas/RR_SubawardBudget10_10_3_0-V3.0.xsd,778,fid/778,https://www.grants.gov/forms/form-items-description/fid/778,,3,4040-0001,11/30/2025
R&R Family,USDA,Form RD 400-1 Equal Opportunity Agreement,RD_400_1-V1.0_F817,https://apply07.grants.gov/apply/forms/sample/RD_400_1-V1.0.pdf,https://apply07.grants.gov/apply/forms/schemas/RD_400_1-V1.0.xsd,817,fid/817,https://www.grants.gov/forms/form-items-description/fid/817,,1,0575-0201,07/31/2025
R&R Family,HHS,PHS 398 Research Training Program Plan,PHS398_ResearchTrainingProgramPlan_5_0-V5.0_F798,https://apply07.grants.gov/apply/forms/sample/PHS398_ResearchTrainingProgramPlan_5_0-V5.0.pdf,https://apply07.grants.gov/apply/forms/schemas/PHS398_ResearchTrainingProgramPlan_5_0-V5.0.xsd,798,fid/798,https://www.grants.gov/forms/form-items-description/fid/798,,5,0925-0001,12/31/2027
R&R Family,USDA,USDA AD-1052,AD_1052_2_0-V2.0_F696,https://apply07.grants.gov/apply/forms/sample/AD_1052_2_0-V2.0.pdf,https://apply07.grants.gov/apply/forms/schemas/AD_1052_2_0-V2.0.xsd,696,fid/696,https://www.grants.gov/forms/form-items-description/fid/696,,2,0505-0027,09/30/2025
R&R Family,HHS,PHS 398 Career Development Award Supplemental Form,PHS398_CareerDevelopmentAwardSup_6_0-V6.0_F799,https://apply07.grants.gov/apply/forms/sample/PHS398_CareerDevelopmentAwardSup_6_0-V6.0.pdf,https://apply07.grants.gov/apply/forms/schemas/PHS398_CareerDevelopmentAwardSup_6_0-V6.0.xsd,799,fid/799,https://www.grants.gov/forms/form-items-description/fid/799,,6,0925-0001,12/31/2027
R&R Family,Grants.gov,Grants.gov Lobbying Form,GG_LobbyingForm-V1.1_F255,https://apply07.grants.gov/apply/forms/sample/GG_LobbyingForm-V1.1.pdf,https://apply07.grants.gov/apply/forms/schemas/GG_LobbyingForm-V1.1.xsd,255,fid/255,https://www.grants.gov/forms/form-items-description/fid/255,https://apply07.grants.gov/apply/forms/instructions/GG_LobbyingForm-V1.1-Instructions.pdf,1.1,4040-0013,02/28/2025
R&R Family,NASA,NASA - PI and AOR,Nasa_PIandAORSupplementalDataSheet-V1.0_F314,https://apply07.grants.gov/apply/forms/sample/Nasa_PIandAORSupplementalDataSheet-V1.0.pdf,https://apply07.grants.gov/apply/forms/schemas/Nasa_PIandAORSupplementalDataSheet-V1.0.xsd,314,fid/314,https://www.grants.gov/forms/form-items-description/fid/314,,1,2700-0092,10/31/2025
R&R Family,Grants.gov,Research & Related Subaward Budget (Total Fed + Non-Fed) 5 YR 30 ATT,RR_FedNonFed_SubawardBudget30_2_0-V2.0_F728,https://apply07.grants.gov/apply/forms/sample/RR_FedNonFed_SubawardBudget30_2_0-V2.0.pdf,https://apply07.grants.gov/apply/forms/schemas/RR_FedNonFed_SubawardBudget30_2_0-V2.0.xsd,728,fid/728,https://www.grants.gov/forms/form-items-description/fid/728,https://apply07.grants.gov/apply/forms/instructions/RR_FedNonFed_SubawardBudget30_2_0-V2.0-Instructions.pdf,2,4040-0001,11/30/2025
R&R Family,Grants.gov,Research & Related Budget (Total Fed + Non-Fed),RR_FedNonFedBudget_2_0-V2.0_F738,https://apply07.grants.gov/apply/forms/sample/RR_FedNonFedBudget_2_0-V2.0.pdf,https://apply07.grants.gov/apply/forms/schemas/RR_FedNonFedBudget_2_0-V2.0.xsd,738,fid/738,https://www.grants.gov/forms/form-items-description/fid/738,https://apply07.grants.gov/apply/forms/instructions/RR_FedNonFedBudget_2_0-V2.0-Instructions.pdf,2,4040-0001,11/30/2025
R&R Family,USDA,Form RD 400-4 Assurance Agreement,RD_400_4-V1.0_F818,https://apply07.grants.gov/apply/forms/sample/RD_400_4-V1.0.pdf,https://apply07.grants.gov/apply/forms/schemas/RD_400_4-V1.0.xsd,818,fid/818,https://www.grants.gov/forms/form-items-description/fid/818,,1,0575-0201,07/31/2025
R&R Family,Grants.gov,Budget Information for Construction Programs (SF-424C),SF424C_2_0-V2.0_F408,https://apply07.grants.gov/apply/forms/sample/SF424C_2_0-V2.0.pdf,https://apply07.grants.gov/apply/forms/schemas/SF424C_2_0-V2.0.xsd,408,fid/408,https://www.grants.gov/forms/form-items-description/fid/408,https://apply07.grants.gov/apply/forms/instructions/SF424C_2_0-V2.0-Instructions.pdf,2,4040-0008,02/28/2025
R&R Family,NSF,NSF Cover Page,NSF_CoverPage_2_3-V2.3_F827,https://apply07.grants.gov/apply/forms/sample/NSF_CoverPage_2_3-V2.3.pdf,https://apply07.grants.gov/apply/forms/schemas/NSF_CoverPage_2_3-V2.3.xsd,827,fid/827,https://www.grants.gov/forms/form-items-description/fid/827,,2.3,3145-0058,10/31/2025
R&R Family,Grants.gov,Research & Related Budget,RR_Budget_3_0-V3.0_F770,https://apply07.grants.gov/apply/forms/sample/RR_Budget_3_0-V3.0.pdf,https://apply07.grants.gov/apply/forms/schemas/RR_Budget_3_0-V3.0.xsd,770,fid/770,https://www.grants.gov/forms/form-items-description/fid/770,,3,4040-0001,11/30/2025
R&R Family,Grants.gov,Research & Related Subaward Budget (Total Fed + Non-Fed) Attachment(s) Form,RR_FedNonFed_SubawardBudget_2_0-V2.0_F715,https://apply07.grants.gov/apply/forms/sample/RR_FedNonFed_SubawardBudget_2_0-V2.0.pdf,https://apply07.grants.gov/apply/forms/schemas/RR_FedNonFed_SubawardBudget_2_0-V2.0.xsd,715,fid/715,https://www.grants.gov/forms/form-items-description/fid/715,https://apply07.grants.gov/apply/forms/instructions/RR_FedNonFed_SubawardBudget_2_0-V2.0-Instructions.pdf,2,4040-0001,11/30/2025
R&R Family,HHS,PHS 398 Cover Page Supplement,PHS398_CoverPageSupplement_5_0-V5.0_F698,https://apply07.grants.gov/apply/forms/sample/PHS398_CoverPageSupplement_5_0-V5.0.pdf,https://apply07.grants.gov/apply/forms/schemas/PHS398_CoverPageSupplement_5_0-V5.0.xsd,698,fid/698,https://www.grants.gov/forms/form-items-description/fid/698,,5,0925-0001,12/31/2027
R&R Family,Grants.gov,Research & Related Multi-Project 10 Year Budget,RR_MP_Budget_3_0-V3.0_F788,https://apply07.grants.gov/apply/forms/sample/RR_MP_Budget_3_0-V3.0.pdf,https://apply07.grants.gov/apply/forms/schemas/RR_MP_Budget_3_0-V3.0.xsd,788,fid/788,https://www.grants.gov/forms/form-items-description/fid/788,,3,4040-0001,11/30/2025
R&R Family,USDA,USDA AD-1048,AD_1048-V1.0_F546,https://apply07.grants.gov/apply/forms/sample/AD_1048-V1.0.pdf,https://apply07.grants.gov/apply/forms/schemas/AD_1048-V1.0.xsd,546,fid/546,https://www.grants.gov/forms/form-items-description/fid/546,,1,0505-0027,09/30/2025
R&R Family,Grants.gov,Budget Narrative Attachment Form,BudgetNarrativeAttachments_1_2-V1.2_F543,https://apply07.grants.gov/apply/forms/sample/BudgetNarrativeAttachments_1_2-V1.2.pdf,https://apply07.grants.gov/apply/forms/schemas/BudgetNarrativeAttachments_1_2-V1.2.xsd,543,fid/543,https://www.grants.gov/forms/form-items-description/fid/543,https://apply07.grants.gov/apply/forms/instructions/BudgetNarrativeAttachments_1_2-V1.2-Instructions.pdf,1.2,,
R&R Family,USDA,AFRI PROJECT TYPE,AFRI_Project_Type_2_0-V2.0_F796,https://apply07.grants.gov/apply/forms/sample/AFRI_Project_Type_2_0-V2.0.pdf,https://apply07.grants.gov/apply/forms/schemas/AFRI_Project_Type_2_0-V2.0.xsd,796,fid/796,https://www.grants.gov/forms/form-items-description/fid/796,,2,0524-0039,08/31/2025
SF-424 Family,USDA,USDA AD-1047,AD_1047-V1.0_F545,https://apply07.grants.gov/apply/forms/sample/AD_1047-V1.0.pdf,https://apply07.grants.gov/apply/forms/schemas/AD_1047-V1.0.xsd,545,fid/545,https://www.grants.gov/forms/form-items-description/fid/545,,1,0505-0027,09/30/2025
SF-424 Family,HHS,Scholarships for Disadvantaged Students Program Specific Data Forms,HRSA_SDS_3_0-V3.0_F816,https://apply07.grants.gov/apply/forms/sample/HRSA_SDS_3_0-V3.0.pdf,https://apply07.grants.gov/apply/forms/schemas/HRSA_SDS_3_0-V3.0.xsd,816,fid/816,https://www.grants.gov/forms/form-items-description/fid/816,https://apply07.grants.gov/apply/forms/instructions/HRSA_SDS_3_0-V3.0-Instructions.pdf,3,0906-0073,11/30/2025
SF-424 Family,HHS,NFLP Program Specific Data Forms,HRSA_NFLP_1_3-V1.3_F825,https://apply07.grants.gov/apply/forms/sample/HRSA_NFLP_1_3-V1.3.pdf,https://apply07.grants.gov/apply/forms/schemas/HRSA_NFLP_1_3-V1.3.xsd,825,fid/825,https://www.grants.gov/forms/form-items-description/fid/825,https://apply07.grants.gov/apply/forms/instructions/HRSA_NFLP_1_3-V1.3-Instructions.pdf,1.3,0915-0314,08/31/2026
SF-424 Family,HUD,HUD Applicant-Recipient Disclosure Report,HUD_DisclosureUpdateReport_4_0-V4.0_F806,https://apply07.grants.gov/apply/forms/sample/HUD_DisclosureUpdateReport_4_0-V4.0.pdf,https://apply07.grants.gov/apply/forms/schemas/HUD_DisclosureUpdateReport_4_0-V4.0.xsd,806,fid/806,https://www.grants.gov/forms/form-items-description/fid/806,,4,2501-0017,01/31/2026
SF-424 Family,Grants.gov,Assurances for Non-Construction Programs (SF-424B),SF424B-V1.1_F240,https://apply07.grants.gov/apply/forms/sample/SF424B-V1.1.pdf,https://apply07.grants.gov/apply/forms/schemas/SF424B-V1.1.xsd,240,fid/240,https://www.grants.gov/forms/form-items-description/fid/240,https://apply07.grants.gov/apply/forms/instructions/SF424B-V1.1-Instructions.pdf,1.1,4040-0007,02/28/2025
SF-424 Family,ED,Evidence Form,ED_Evidence_2_0-V2.0_F759,https://apply07.grants.gov/apply/forms/sample/ED_Evidence_2_0-V2.0.pdf,https://apply07.grants.gov/apply/forms/schemas/ED_Evidence_2_0-V2.0.xsd,759,fid/759,https://www.grants.gov/forms/form-items-description/fid/759,,2,1894-0001,07/31/2025
SF-424 Family,DOT,FRA F 251 Applicant Financial Capability Questionnaire,FRA_F_251-V1.0_F801,https://apply07.grants.gov/apply/forms/sample/FRA_F_251-V1.0.pdf,https://apply07.grants.gov/apply/forms/schemas/FRA_F_251-V1.0.xsd,801,fid/801,https://www.grants.gov/forms/form-items-description/fid/801,,1,2130-0615,01/31/2025
SF-424 Family,Grants.gov,Budget Information for Non-Construction Programs (SF-424A),SF424A-V1.0_F241,https://apply07.grants.gov/apply/forms/sample/SF424A-V1.0.pdf,https://apply07.grants.gov/apply/forms/schemas/SF424A-V1.0.xsd,241,fid/241,https://www.grants.gov/forms/form-items-description/fid/241,https://apply07.grants.gov/apply/forms/instructions/SF424A-V1.0-Instructions.pdf,1,4040-0006,02/28/2025
SF-424 Family,USDA,Grant Program Accounting System & Financial Capability Questionnaire (FNS-906),FNS_906-V1.0_F832,https://apply07.grants.gov/apply/forms/sample/FNS_906-V1.0.pdf,https://apply07.grants.gov/apply/forms/schemas/FNS_906-V1.0.xsd,832,fid/832,https://www.grants.gov/forms/form-items-description/fid/832,,1,0584-0512,07/31/2025
SF-424 Family,DOT,FRA F 30,FRA-V1.0_F648,https://apply07.grants.gov/apply/forms/sample/FRA-V1.0.pdf,https://apply07.grants.gov/apply/forms/schemas/FRA-V1.0.xsd,648,fid/648,https://www.grants.gov/forms/form-items-description/fid/648,,1,2130-0615,01/31/2025
SF-424 Family,Grants.gov,Project/Performance Site Location(s),PerformanceSite_4_0-V4.0_F723,https://apply07.grants.gov/apply/forms/sample/PerformanceSite_4_0-V4.0.pdf,https://apply07.grants.gov/apply/forms/schemas/PerformanceSite_4_0-V4.0.xsd,723,fid/723,https://www.grants.gov/forms/form-items-description/fid/723,https://apply07.grants.gov/apply/forms/instructions/PerformanceSite_4_0-V4.0-Instructions.pdf,4,4040-0010,12/31/2026
SF-424 Family,USDA,USDA AD-1049,AD_1049_2_0-V2.0_F695,https://apply07.grants.gov/apply/forms/sample/AD_1049_2_0-V2.0.pdf,https://apply07.grants.gov/apply/forms/schemas/AD_1049_2_0-V2.0.xsd,695,fid/695,https://www.grants.gov/forms/form-items-description/fid/695,,2,0505-0027,09/30/2025
SF-424 Family,NEH,NEH Institutional Profile,NEHInstitutionalProfile-V1.0_F417,https://apply07.grants.gov/apply/forms/sample/NEHInstitutionalProfile-V1.0.pdf,https://apply07.grants.gov/apply/forms/schemas/NEHInstitutionalProfile-V1.0.xsd,417,fid/417,https://www.grants.gov/forms/form-items-description/fid/417,,1,3136-0134,10/31/2027
SF-424 Family,Grants.gov,Budget Information for Construction Programs (SF-424C),SF424C_2_0-V2.0_F408,https://apply07.grants.gov/apply/forms/sample/SF424C_2_0-V2.0.pdf,https://apply07.grants.gov/apply/forms/schemas/SF424C_2_0-V2.0.xsd,408,fid/408,https://www.grants.gov/forms/form-items-description/fid/408,https://apply07.grants.gov/apply/forms/instructions/SF424C_2_0-V2.0-Instructions.pdf,2,4040-0008,02/28/2025
SF-424 Family,Grants.gov,Assurances for Construction Programs (SF-424D),SF424D-V1.1_F238,https://apply07.grants.gov/apply/forms/sample/SF424D-V1.1.pdf,https://apply07.grants.gov/apply/forms/schemas/SF424D-V1.1.xsd,238,fid/238,https://www.grants.gov/forms/form-items-description/fid/238,https://apply07.grants.gov/apply/forms/instructions/SF424D-V1.1-Instructions.pdf,1.1,4040-0009,02/28/2025
SF-424 Family,NEH,Supplementary Cover Sheet for NEH Grant Programs,SupplementaryCoverSheetforNEHGrantPrograms_3_0-V3.0_F530,https://apply07.grants.gov/apply/forms/sample/SupplementaryCoverSheetforNEHGrantPrograms_3_0-V3.0.pdf,https://apply07.grants.gov/apply/forms/schemas/SupplementaryCoverSheetforNEHGrantPrograms_3_0-V3.0.xsd,530,fid/530,https://www.grants.gov/forms/form-items-description/fid/530,,3,3136-0134,10/31/2027
SF-424 Family,TREAS,Tax Counseling for the Elderly (TCE) Program Application Checklist and Contact Sheet,Form_14204_2_0-V2.0_F694,https://apply07.grants.gov/apply/forms/sample/Form_14204_2_0-V2.0.pdf,https://apply07.grants.gov/apply/forms/schemas/Form_14204_2_0-V2.0.xsd,694,fid/694,https://www.grants.gov/forms/form-items-description/fid/694,,2,1545-2222,06/30/2025
SF-424 Family,Grants.gov,Key Contacts,Key_Contacts_2_0-V2.0_F683,https://apply07.grants.gov/apply/forms/sample/Key_Contacts_2_0-V2.0.pdf,https://apply07.grants.gov/apply/forms/schemas/Key_Contacts_2_0-V2.0.xsd,683,fid/683,https://www.grants.gov/forms/form-items-description/fid/683,https://apply07.grants.gov/apply/forms/instructions/Key_Contacts_2_0-V2.0-Instructions.pdf,2,4040-0010,12/31/2026
SF-424 Family,ED,ED General Education Provisions Act (GEPA) 427 Form,ED_GEPA427_2_0-V2.0_F805,https://apply07.grants.gov/apply/forms/sample/ED_GEPA427_2_0-V2.0.pdf,https://apply07.grants.gov/apply/forms/schemas/ED_GEPA427_2_0-V2.0.xsd,805,fid/805,https://www.grants.gov/forms/form-items-description/fid/805,,2,1894-0005,02/28/2026
SF-424 Family,HUD,HUD Detailed Budget Form,HUD_DetailedBudget-V1.1_F292,https://apply07.grants.gov/apply/forms/sample/HUD_DetailedBudget-V1.1.pdf,https://apply07.grants.gov/apply/forms/schemas/HUD_DetailedBudget-V1.1.xsd,292,fid/292,https://www.grants.gov/forms/form-items-description/fid/292,,1.1,2501-0017,01/31/2026
SF-424 Family,USDA,USDA AD-1052,AD_1052_2_0-V2.0_F696,https://apply07.grants.gov/apply/forms/sample/AD_1052_2_0-V2.0.pdf,https://apply07.grants.gov/apply/forms/schemas/AD_1052_2_0-V2.0.xsd,696,fid/696,https://www.grants.gov/forms/form-items-description/fid/696,,2,0505-0027,09/30/2025
SF-424 Family,HUD,HUD-52768,HUD_52768_4_2-V4.2_F839,https://apply07.grants.gov/apply/forms/sample/HUD_52768_4_2-V4.2.pdf,https://apply07.grants.gov/apply/forms/schemas/HUD_52768_4_2-V4.2.xsd,839,fid/839,https://www.grants.gov/forms/form-items-description/fid/839,,4.2,2577-0229,08/31/2026
SF-424 Family,TREAS,Form 13978 Projected Operations VITA Grant Application,Form_13978-V1.0_F762,https://apply07.grants.gov/apply/forms/sample/Form_13978-V1.0.pdf,https://apply07.grants.gov/apply/forms/schemas/Form_13978-V1.0.xsd,762,fid/762,https://www.grants.gov/forms/form-items-description/fid/762,,1,1545-2222,
SF-424 Family,HHS,Standardized Work Plan (SWP),Standardized_Work_Plan-V1.0_F645,https://apply07.grants.gov/apply/forms/sample/Standardized_Work_Plan-V1.0.pdf,https://apply07.grants.gov/apply/forms/schemas/Standardized_Work_Plan-V1.0.xsd,645,fid/645,https://www.grants.gov/forms/form-items-description/fid/645,,1,0906-0049,12/31/2026
SF-424 Family,Grants.gov,Other Attachments Form,OtherNarrativeAttachments_1_2-V1.2_F542,https://apply07.grants.gov/apply/forms/sample/OtherNarrativeAttachments_1_2-V1.2.pdf,https://apply07.grants.gov/apply/forms/schemas/OtherNarrativeAttachments_1_2-V1.2.xsd,542,fid/542,https://www.grants.gov/forms/form-items-description/fid/542,https://apply07.grants.gov/apply/forms/instructions/OtherNarrativeAttachments_1_2-V1.2-Instructions.pdf,1.2,,
SF-424 Family,EPA,EPA Form 4700-4,EPA4700_4_5_0-V5.0_F773,https://apply07.grants.gov/apply/forms/sample/EPA4700_4_5_0-V5.0.pdf,https://apply07.grants.gov/apply/forms/schemas/EPA4700_4_5_0-V5.0.xsd,773,fid/773,https://www.grants.gov/forms/form-items-description/fid/773,,5,2030-0020,06/30/2024
SF-424 Family,Grants.gov,Project Abstract Summary,Project_AbstractSummary_2_0-V2.0_F591,https://apply07.grants.gov/apply/forms/sample/Project_AbstractSummary_2_0-V2.0.pdf,https://apply07.grants.gov/apply/forms/schemas/Project_AbstractSummary_2_0-V2.0.xsd,591,fid/591,https://www.grants.gov/forms/form-items-description/fid/591,,2,4040-0019,02/28/2025
SF-424 Family,TREAS,Low Income Taxpayer Clinic (LITC) Application Narrative,Form_13424M_3_0-V3.0_F646,https://apply07.grants.gov/apply/forms/sample/Form_13424M_3_0-V3.0.pdf,https://apply07.grants.gov/apply/forms/schemas/Form_13424M_3_0-V3.0.xsd,646,fid/646,https://www.grants.gov/forms/form-items-description/fid/646,,3,1545-1648,06/30/2025
SF-424 Family,USDA,AFRI PROJECT TYPE,AFRI_Project_Type_2_0-V2.0_F796,https://apply07.grants.gov/apply/forms/sample/AFRI_Project_Type_2_0-V2.0.pdf,https://apply07.grants.gov/apply/forms/schemas/AFRI_Project_Type_2_0-V2.0.xsd,796,fid/796,https://www.grants.gov/forms/form-items-description/fid/796,,2,0524-0039,08/31/2025
SF-424 Family,USDA,USDA AD-1050,AD_1050-V1.0_F548,https://apply07.grants.gov/apply/forms/sample/AD_1050-V1.0.pdf,https://apply07.grants.gov/apply/forms/schemas/AD_1050-V1.0.xsd,548,fid/548,https://www.grants.gov/forms/form-items-description/fid/548,,1,0505-0027,09/30/2025
SF-424 Family,Grants.gov,Project Abstract,Project_Abstract_1_2-V1.2_F541,https://apply07.grants.gov/apply/forms/sample/Project_Abstract_1_2-V1.2.pdf,https://apply07.grants.gov/apply/forms/schemas/Project_Abstract_1_2-V1.2.xsd,541,fid/541,https://www.grants.gov/forms/form-items-description/fid/541,https://apply07.grants.gov/apply/forms/instructions/Project_Abstract_1_2-V1.2-Instructions.pdf,1.2,4040-0010,12/31/2026
SF-424 Family,HUD,HUD-52651,HUD_52651_3_0-V3.0_F742,https://apply07.grants.gov/apply/forms/sample/HUD_52651_3_0-V3.0.pdf,https://apply07.grants.gov/apply/forms/schemas/HUD_52651_3_0-V3.0.xsd,742,fid/742,https://www.grants.gov/forms/form-items-description/fid/742,,3,2577-0178,04/30/2025
SF-424 Family,TREAS,ACH Vendor/Miscellaneous Payment Enrollment Form,SF3881_2_0-V2.0_F666,https://apply07.grants.gov/apply/forms/sample/SF3881_2_0-V2.0.pdf,https://apply07.grants.gov/apply/forms/schemas/SF3881_2_0-V2.0.xsd,666,fid/666,https://www.grants.gov/forms/form-items-description/fid/666,,2,1530-0069,08/31/2025
SF-424 Family,USDA,USDA AD-1048,AD_1048-V1.0_F546,https://apply07.grants.gov/apply/forms/sample/AD_1048-V1.0.pdf,https://apply07.grants.gov/apply/forms/schemas/AD_1048-V1.0.xsd,546,fid/546,https://www.grants.gov/forms/form-items-description/fid/546,,1,0505-0027,09/30/2025
SF-424 Family,TREAS,Contact Information for VITA and TCE Grant Programs,Form_14335_2_0-V2.0_F710,https://apply07.grants.gov/apply/forms/sample/Form_14335_2_0-V2.0.pdf,https://apply07.grants.gov/apply/forms/schemas/Form_14335_2_0-V2.0.xsd,710,fid/710,https://www.grants.gov/forms/form-items-description/fid/710,,2,1545-2222,06/30/2025
SF-424 Family,Grants.gov,Project Narrative Attachment Form,ProjectNarrativeAttachments_1_2-V1.2_F539,https://apply07.grants.gov/apply/forms/sample/ProjectNarrativeAttachments_1_2-V1.2.pdf,https://apply07.grants.gov/apply/forms/schemas/ProjectNarrativeAttachments_1_2-V1.2.xsd,539,fid/539,https://www.grants.gov/forms/form-items-description/fid/539,https://apply07.grants.gov/apply/forms/instructions/ProjectNarrativeAttachments_1_2-V1.2-Instructions.pdf,1.2,,
SF-424 Family,USDA,NIFA Supplemental Information,NIFA_Supplemental_Info_1_2-V1.2_F483,https://apply07.grants.gov/apply/forms/sample/NIFA_Supplemental_Info_1_2-V1.2.pdf,https://apply07.grants.gov/apply/forms/schemas/NIFA_Supplemental_Info_1_2-V1.2.xsd,483,fid/483,https://www.grants.gov/forms/form-items-description/fid/483,,1.2,0524-0039,08/31/2025
SF-424 Family,ED,ED SF424 Supplement,ED_SF424_Supplement_4_0-V4.0_F813,https://apply07.grants.gov/apply/forms/sample/ED_SF424_Supplement_4_0-V4.0.pdf,https://apply07.grants.gov/apply/forms/schemas/ED_SF424_Supplement_4_0-V4.0.xsd,813,fid/813,https://www.grants.gov/forms/form-items-description/fid/813,,4,1894-0007,04/30/2026
SF-424 Family,TREAS,Low Income Taxpayer Clinics (LITCs) Application Information,Form_13424_3_0-V3.0_F685,https://apply07.grants.gov/apply/forms/sample/Form_13424_3_0-V3.0.pdf,https://apply07.grants.gov/apply/forms/schemas/Form_13424_3_0-V3.0.xsd,685,fid/685,https://www.grants.gov/forms/form-items-description/fid/685,,3,1545-1648,06/30/2025
SF-424 Family,USDA,Regional Food System Partnerships Program,RFSP_Narrative-V1.0_F764,https://apply07.grants.gov/apply/forms/sample/RFSP_Narrative-V1.0.pdf,https://apply07.grants.gov/apply/forms/schemas/RFSP_Narrative-V1.0.xsd,764,fid/764,https://www.grants.gov/forms/form-items-description/fid/764,https://apply07.grants.gov/apply/forms/instructions/RFSP_Narrative-V1.0-Instructions.pdf,1,0581-0240,04/30/2027
SF-424 Family,Grants.gov,Disclosure of Lobbying Activities (SF-LLL),SFLLL_2_0-V2.0_F670,https://apply07.grants.gov/apply/forms/sample/SFLLL_2_0-V2.0.pdf,https://apply07.grants.gov/apply/forms/schemas/SFLLL_2_0-V2.0.xsd,670,fid/670,https://www.grants.gov/forms/form-items-description/fid/670,https://apply07.grants.gov/apply/forms/instructions/SFLLL_2_0-V2.0-Instructions.pdf,2,4040-0013,02/28/2025
SF-424 Family,Grants.gov,Attachments,AttachmentForm_1_2-V1.2_F540,https://apply07.grants.gov/apply/forms/sample/AttachmentForm_1_2-V1.2.pdf,https://apply07.grants.gov/apply/forms/schemas/AttachmentForm_1_2-V1.2.xsd,540,fid/540,https://www.grants.gov/forms/form-items-description/fid/540,https://apply07.grants.gov/apply/forms/instructions/AttachmentForm_1_2-V1.2-Instructions.pdf,1.2,,
SF-424 Family,HHS,Objective Work Plan,ANA_ObjectiveWorkPlan_1_3-V1.3_F824,https://apply07.grants.gov/apply/forms/sample/ANA_ObjectiveWorkPlan_1_3-V1.3.pdf,https://apply07.grants.gov/apply/forms/schemas/ANA_ObjectiveWorkPlan_1_3-V1.3.xsd,824,fid/824,https://www.grants.gov/forms/form-items-description/fid/824,,1.3,0970-0452,09/30/2026
SF-424 Family,USDA,USDA AD-3030,AD_3030_2_0-V2.0_F582,https://apply07.grants.gov/apply/forms/sample/AD_3030_2_0-V2.0.pdf,https://apply07.grants.gov/apply/forms/schemas/AD_3030_2_0-V2.0.xsd,582,fid/582,https://www.grants.gov/forms/form-items-description/fid/582,,2,0505-0025,09/30/2025
SF-424 Family,Grants.gov,Budget Narrative Attachment Form,BudgetNarrativeAttachments_1_2-V1.2_F543,https://apply07.grants.gov/apply/forms/sample/BudgetNarrativeAttachments_1_2-V1.2.pdf,https://apply07.grants.gov/apply/forms/schemas/BudgetNarrativeAttachments_1_2-V1.2.xsd,543,fid/543,https://www.grants.gov/forms/form-items-description/fid/543,https://apply07.grants.gov/apply/forms/instructions/BudgetNarrativeAttachments_1_2-V1.2-Instructions.pdf,1.2,,
SF-424 Family,ED,Grant Application Form for Project Objectives and Performance Measures Information,ProjObj_PerfMeasures-V1.0_F573,https://apply07.grants.gov/apply/forms/sample/ProjObj_PerfMeasures-V1.0.pdf,https://apply07.grants.gov/apply/forms/schemas/ProjObj_PerfMeasures-V1.0.xsd,573,fid/573,https://www.grants.gov/forms/form-items-description/fid/573,,1,1894-0017,06/30/2026
SF-424 Family,NEH,Supplementary Cover Sheet for NEH State Councils,SupplementaryCoverSheetforNEHStateCouncils-V1.0_F518,https://apply07.grants.gov/apply/forms/sample/SupplementaryCoverSheetforNEHStateCouncils-V1.0.pdf,https://apply07.grants.gov/apply/forms/schemas/SupplementaryCoverSheetforNEHStateCouncils-V1.0.xsd,518,fid/518,https://www.grants.gov/forms/form-items-description/fid/518,,1,3136-0134,10/31/2027
SF-424 Family,HUD,RPN Network Certification,RPN_Certification-V1.0_F826,https://apply07.grants.gov/apply/forms/sample/RPN_Certification-V1.0.pdf,https://apply07.grants.gov/apply/forms/schemas/RPN_Certification-V1.0.xsd,826,fid/826,https://www.grants.gov/forms/form-items-description/fid/826,,1,2501-0044,02/28/2027
SF-424 Family,TREAS,Form 13977 VITA Grant Budget Plan,Form_13977-V1.0_F761,https://apply07.grants.gov/apply/forms/sample/Form_13977-V1.0.pdf,https://apply07.grants.gov/apply/forms/schemas/Form_13977-V1.0.xsd,761,fid/761,https://www.grants.gov/forms/form-items-description/fid/761,,1,1545-2222,
SF-424 Family,DOC,CD511 Form,CD511-V1.1_F276,https://apply07.grants.gov/apply/forms/sample/CD511-V1.1.pdf,https://apply07.grants.gov/apply/forms/schemas/CD511-V1.1.xsd,276,fid/276,https://www.grants.gov/forms/form-items-description/fid/276,,1.1,,
SF-424 Family,Grants.gov,Grants.gov Lobbying Form,GG_LobbyingForm-V1.1_F255,https://apply07.grants.gov/apply/forms/sample/GG_LobbyingForm-V1.1.pdf,https://apply07.grants.gov/apply/forms/schemas/GG_LobbyingForm-V1.1.xsd,255,fid/255,https://www.grants.gov/forms/form-items-description/fid/255,https://apply07.grants.gov/apply/forms/instructions/GG_LobbyingForm-V1.1-Instructions.pdf,1.1,4040-0013,02/28/2025
SF-424 Family,HHS,Protection of Human Subjects,ProtectionofHumanSubjects_2_0-V2.0_F690,https://apply07.grants.gov/apply/forms/sample/ProtectionofHumanSubjects_2_0-V2.0.pdf,https://apply07.grants.gov/apply/forms/schemas/ProtectionofHumanSubjects_2_0-V2.0.xsd,690,fid/690,https://www.grants.gov/forms/form-items-description/fid/690,,2,0990-0263,09/30/2027
SF-424 Family,TREAS,Low Income Taxpayer Clinic (LITC) Detailed Budget Worksheet,Form_13424J_2_0-V2.0_F497,https://apply07.grants.gov/apply/forms/sample/Form_13424J_2_0-V2.0.pdf,https://apply07.grants.gov/apply/forms/schemas/Form_13424J_2_0-V2.0.xsd,497,fid/497,https://www.grants.gov/forms/form-items-description/fid/497,,2,1545-1648,06/30/2025
SF-424 Family,USDA,Farm To School Grant Program (FSGP),FSGP_4_0-V4.0_F814,https://apply07.grants.gov/apply/forms/sample/FSGP_4_0-V4.0.pdf,https://apply07.grants.gov/apply/forms/schemas/FSGP_4_0-V4.0.xsd,814,fid/814,https://www.grants.gov/forms/form-items-description/fid/814,,4,0584-0512,07/31/2025
SF-424 Family,ED,ED Abstract Form,ED_Abstract-V1.1_F267,https://apply07.grants.gov/apply/forms/sample/ED_Abstract-V1.1.pdf,https://apply07.grants.gov/apply/forms/schemas/ED_Abstract-V1.1.xsd,267,fid/267,https://www.grants.gov/forms/form-items-description/fid/267,,1.1,1894-0001,07/31/2025
SF-424 Family,TREAS,Tax Counseling for the Elderly Program Application Plan,Form_8653_2_0-V2.0_F471,https://apply07.grants.gov/apply/forms/sample/Form_8653_2_0-V2.0.pdf,https://apply07.grants.gov/apply/forms/schemas/Form_8653_2_0-V2.0.xsd,471,fid/471,https://www.grants.gov/forms/form-items-description/fid/471,,2,1545-2222,06/30/2025
SF-424 Family,Grants.gov,Application for Federal Assistance (SF-424),SF424_4_0-V4.0_F713,https://apply07.grants.gov/apply/forms/sample/SF424_4_0-V4.0.pdf,https://apply07.grants.gov/apply/forms/schemas/SF424_4_0-V4.0.xsd,713,fid/713,https://www.grants.gov/forms/form-items-description/fid/713,https://apply07.grants.gov/apply/forms/instructions/SF424_4_0-V4.0-Instructions.pdf,4,4040-0004,11/30/2025
SF-424 Family,EPA,EPA KEY CONTACTS FORM,EPA_KeyContacts_2_0-V2.0_F674,https://apply07.grants.gov/apply/forms/sample/EPA_KeyContacts_2_0-V2.0.pdf,https://apply07.grants.gov/apply/forms/schemas/EPA_KeyContacts_2_0-V2.0.xsd,674,fid/674,https://www.grants.gov/forms/form-items-description/fid/674,,2,2030-0020,06/30/2024
SF-424 Family,ED,U.S. DEPARTMENT OF EDUCATION BUDGET INFORMATION NON-CONSTRUCTION PROGRAMS,ED_524_Budget_1_5-V1.5_F840,https://apply07.grants.gov/apply/forms/sample/ED_524_Budget_1_5-V1.5.pdf,https://apply07.grants.gov/apply/forms/schemas/ED_524_Budget_1_5-V1.5.xsd,840,fid/840,https://www.grants.gov/forms/form-items-description/fid/840,,1.5,1894-0008,08/31/2026
SF-424 Individual Family,Grants.gov,Project Abstract,Project_Abstract_1_2-V1.2_F541,https://apply07.grants.gov/apply/forms/sample/Project_Abstract_1_2-V1.2.pdf,https://apply07.grants.gov/apply/forms/schemas/Project_Abstract_1_2-V1.2.xsd,541,fid/541,https://www.grants.gov/forms/form-items-description/fid/541,https://apply07.grants.gov/apply/forms/instructions/Project_Abstract_1_2-V1.2-Instructions.pdf,1.2,4040-0010,12/31/2026
SF-424 Individual Family,NEH,NEH Supplemental Information for Individuals,FellowshipsSupplemental_4_0-V4.0_F725,https://apply07.grants.gov/apply/forms/sample/FellowshipsSupplemental_4_0-V4.0.pdf,https://apply07.grants.gov/apply/forms/schemas/FellowshipsSupplemental_4_0-V4.0.xsd,725,fid/725,https://www.grants.gov/forms/form-items-description/fid/725,,4,3136-0134,10/31/2027
SF-424 Individual Family,Grants.gov,Budget Information for Non-Construction Programs (SF-424A),SF424A-V1.0_F241,https://apply07.grants.gov/apply/forms/sample/SF424A-V1.0.pdf,https://apply07.grants.gov/apply/forms/schemas/SF424A-V1.0.xsd,241,fid/241,https://www.grants.gov/forms/form-items-description/fid/241,https://apply07.grants.gov/apply/forms/instructions/SF424A-V1.0-Instructions.pdf,1,4040-0006,02/28/2025
SF-424 Individual Family,NEH,Supplementary Cover Sheet for NEH Grant Programs,SupplementaryCoverSheetforNEHGrantPrograms_3_0-V3.0_F530,https://apply07.grants.gov/apply/forms/sample/SupplementaryCoverSheetforNEHGrantPrograms_3_0-V3.0.pdf,https://apply07.grants.gov/apply/forms/schemas/SupplementaryCoverSheetforNEHGrantPrograms_3_0-V3.0.xsd,530,fid/530,https://www.grants.gov/forms/form-items-description/fid/530,,3,3136-0134,10/31/2027
SF-424 Individual Family,Grants.gov,Application for Federal Domestic Assistance- Individual,SF424_Individual_2_0-V2.0_F668,https://apply07.grants.gov/apply/forms/sample/SF424_Individual_2_0-V2.0.pdf,https://apply07.grants.gov/apply/forms/schemas/SF424_Individual_2_0-V2.0.xsd,668,fid/668,https://www.grants.gov/forms/form-items-description/fid/668,https://apply07.grants.gov/apply/forms/instructions/SF424_Individual_2_0-V2.0-Instructions.pdf,2,4040-0005,02/28/2026
SF-424 Individual Family,Grants.gov,Assurances for Construction Programs (SF-424D Individual),Individual_SF424D-V1.1_F522,https://apply07.grants.gov/apply/forms/sample/Individual_SF424D-V1.1.pdf,https://apply07.grants.gov/apply/forms/schemas/Individual_SF424D-V1.1.xsd,522,fid/522,https://www.grants.gov/forms/form-items-description/fid/522,https://apply07.grants.gov/apply/forms/instructions/Individual_SF424D-V1.1-Instructions.pdf,1.1,4040-0009,02/28/2025
SF-424 Individual Family,Grants.gov,Assurances for Non-Construction Programs (SF-424B Individual),Individual_SF424B-V1.1_F521,https://apply07.grants.gov/apply/forms/sample/Individual_SF424B-V1.1.pdf,https://apply07.grants.gov/apply/forms/schemas/Individual_SF424B-V1.1.xsd,521,fid/521,https://www.grants.gov/forms/form-items-description/fid/521,https://apply07.grants.gov/apply/forms/instructions/Individual_SF424B-V1.1-Instructions.pdf,1.1,4040-0007,02/28/2025
SF-424 Individual Family,Grants.gov,Budget Narrative Attachment Form,BudgetNarrativeAttachments_1_2-V1.2_F543,https://apply07.grants.gov/apply/forms/sample/BudgetNarrativeAttachments_1_2-V1.2.pdf,https://apply07.grants.gov/apply/forms/schemas/BudgetNarrativeAttachments_1_2-V1.2.xsd,543,fid/543,https://www.grants.gov/forms/form-items-description/fid/543,https://apply07.grants.gov/apply/forms/instructions/BudgetNarrativeAttachments_1_2-V1.2-Instructions.pdf,1.2,,
SF-424 Individual Family,Grants.gov,Budget Information for Construction Programs (SF-424C),SF424C_2_0-V2.0_F408,https://apply07.grants.gov/apply/forms/sample/SF424C_2_0-V2.0.pdf,https://apply07.grants.gov/apply/forms/schemas/SF424C_2_0-V2.0.xsd,408,fid/408,https://www.grants.gov/forms/form-items-description/fid/408,https://apply07.grants.gov/apply/forms/instructions/SF424C_2_0-V2.0-Instructions.pdf,2,4040-0008,02/28/2025
SF-424 Individual Family,Grants.gov,Project Narrative Attachment Form,ProjectNarrativeAttachments_1_2-V1.2_F539,https://apply07.grants.gov/apply/forms/sample/ProjectNarrativeAttachments_1_2-V1.2.pdf,https://apply07.grants.gov/apply/forms/schemas/ProjectNarrativeAttachments_1_2-V1.2.xsd,539,fid/539,https://www.grants.gov/forms/form-items-description/fid/539,https://apply07.grants.gov/apply/forms/instructions/ProjectNarrativeAttachments_1_2-V1.2-Instructions.pdf,1.2,,
SF-424 Individual Family,Grants.gov,Attachments,AttachmentForm_1_2-V1.2_F540,https://apply07.grants.gov/apply/forms/sample/AttachmentForm_1_2-V1.2.pdf,https://apply07.grants.gov/apply/forms/schemas/AttachmentForm_1_2-V1.2.xsd,540,fid/540,https://www.grants.gov/forms/form-items-description/fid/540,https://apply07.grants.gov/apply/forms/instructions/AttachmentForm_1_2-V1.2-Instructions.pdf,1.2,,
SF-424 Individual Family,Grants.gov,Project/Performance Site Location(s),PerformanceSite_4_0-V4.0_F723,https://apply07.grants.gov/apply/forms/sample/PerformanceSite_4_0-V4.0.pdf,https://apply07.grants.gov/apply/forms/schemas/PerformanceSite_4_0-V4.0.xsd,723,fid/723,https://www.grants.gov/forms/form-items-description/fid/723,https://apply07.grants.gov/apply/forms/instructions/PerformanceSite_4_0-V4.0-Instructions.pdf,4,4040-0010,12/31/2026
SF-424 Individual Family,Grants.gov,Other Attachments Form,OtherNarrativeAttachments_1_2-V1.2_F542,https://apply07.grants.gov/apply/forms/sample/OtherNarrativeAttachments_1_2-V1.2.pdf,https://apply07.grants.gov/apply/forms/schemas/OtherNarrativeAttachments_1_2-V1.2.xsd,542,fid/542,https://www.grants.gov/forms/form-items-description/fid/542,https://apply07.grants.gov/apply/forms/instructions/OtherNarrativeAttachments_1_2-V1.2-Instructions.pdf,1.2,,
SF-424 Individual Family,Grants.gov,Disclosure of Lobbying Activities (SF-LLL),SFLLL_2_0-V2.0_F670,https://apply07.grants.gov/apply/forms/sample/SFLLL_2_0-V2.0.pdf,https://apply07.grants.gov/apply/forms/schemas/SFLLL_2_0-V2.0.xsd,670,fid/670,https://www.grants.gov/forms/form-items-description/fid/670,https://apply07.grants.gov/apply/forms/instructions/SFLLL_2_0-V2.0-Instructions.pdf,2,4040-0013,02/28/2025
SF-424 Individual Family,Grants.gov,Key Contacts,Key_Contacts_2_0-V2.0_F683,https://apply07.grants.gov/apply/forms/sample/Key_Contacts_2_0-V2.0.pdf,https://apply07.grants.gov/apply/forms/schemas/Key_Contacts_2_0-V2.0.xsd,683,fid/683,https://www.grants.gov/forms/form-items-description/fid/683,https://apply07.grants.gov/apply/forms/instructions/Key_Contacts_2_0-V2.0-Instructions.pdf,2,4040-0010,12/31/2026
SF-424 Mandatory Family,USDA,NIFA Supplemental Information,NIFA_Supplemental_Info_1_2-V1.2_F483,https://apply07.grants.gov/apply/forms/sample/NIFA_Supplemental_Info_1_2-V1.2.pdf,https://apply07.grants.gov/apply/forms/schemas/NIFA_Supplemental_Info_1_2-V1.2.xsd,483,fid/483,https://www.grants.gov/forms/form-items-description/fid/483,,1.2,0524-0039,08/31/2025
SF-424 Mandatory Family,EPA,EPA Form 4700-4,EPA4700_4_5_0-V5.0_F773,https://apply07.grants.gov/apply/forms/sample/EPA4700_4_5_0-V5.0.pdf,https://apply07.grants.gov/apply/forms/schemas/EPA4700_4_5_0-V5.0.xsd,773,fid/773,https://www.grants.gov/forms/form-items-description/fid/773,,5,2030-0020,06/30/2024
SF-424 Mandatory Family,Grants.gov,SF424 Mandatory Form,SF424_Mandatory_3_0-V3.0_F712,https://apply07.grants.gov/apply/forms/sample/SF424_Mandatory_3_0-V3.0.pdf,https://apply07.grants.gov/apply/forms/schemas/SF424_Mandatory_3_0-V3.0.xsd,712,fid/712,https://www.grants.gov/forms/form-items-description/fid/712,https://apply07.grants.gov/apply/forms/instructions/SF424_Mandatory_3_0-V3.0-Instructions.pdf,3,4040-0020,02/28/2026
SF-424 Mandatory Family,Grants.gov,Project Narrative Attachment Form,ProjectNarrativeAttachments_1_2-V1.2_F539,https://apply07.grants.gov/apply/forms/sample/ProjectNarrativeAttachments_1_2-V1.2.pdf,https://apply07.grants.gov/apply/forms/schemas/ProjectNarrativeAttachments_1_2-V1.2.xsd,539,fid/539,https://www.grants.gov/forms/form-items-description/fid/539,https://apply07.grants.gov/apply/forms/instructions/ProjectNarrativeAttachments_1_2-V1.2-Instructions.pdf,1.2,,
SF-424 Mandatory Family,Grants.gov,Assurances for Construction Programs (SF-424D - Mandatory),Mandatory_SF424D-V1.1_F329,https://apply07.grants.gov/apply/forms/sample/Mandatory_SF424D-V1.1.pdf,https://apply07.grants.gov/apply/forms/schemas/Mandatory_SF424D-V1.1.xsd,329,fid/329,https://www.grants.gov/forms/form-items-description/fid/329,https://apply07.grants.gov/apply/forms/instructions/Mandatory_SF424D-V1.1-Instructions.pdf,1.1,4040-0009,02/28/2025
SF-424 Mandatory Family,Grants.gov,Budget Information for Non-Construction Programs (SF-424A),SF424A-V1.0_F241,https://apply07.grants.gov/apply/forms/sample/SF424A-V1.0.pdf,https://apply07.grants.gov/apply/forms/schemas/SF424A-V1.0.xsd,241,fid/241,https://www.grants.gov/forms/form-items-description/fid/241,https://apply07.grants.gov/apply/forms/instructions/SF424A-V1.0-Instructions.pdf,1,4040-0006,02/28/2025
SF-424 Mandatory Family,Grants.gov,Budget Information for Construction Programs (SF-424C),SF424C_2_0-V2.0_F408,https://apply07.grants.gov/apply/forms/sample/SF424C_2_0-V2.0.pdf,https://apply07.grants.gov/apply/forms/schemas/SF424C_2_0-V2.0.xsd,408,fid/408,https://www.grants.gov/forms/form-items-description/fid/408,https://apply07.grants.gov/apply/forms/instructions/SF424C_2_0-V2.0-Instructions.pdf,2,4040-0008,02/28/2025
SF-424 Mandatory Family,Grants.gov,Key Contacts,Key_Contacts_2_0-V2.0_F683,https://apply07.grants.gov/apply/forms/sample/Key_Contacts_2_0-V2.0.pdf,https://apply07.grants.gov/apply/forms/schemas/Key_Contacts_2_0-V2.0.xsd,683,fid/683,https://www.grants.gov/forms/form-items-description/fid/683,https://apply07.grants.gov/apply/forms/instructions/Key_Contacts_2_0-V2.0-Instructions.pdf,2,4040-0010,12/31/2026
SF-424 Mandatory Family,Grants.gov,Grants.gov Lobbying Form,GG_LobbyingForm-V1.1_F255,https://apply07.grants.gov/apply/forms/sample/GG_LobbyingForm-V1.1.pdf,https://apply07.grants.gov/apply/forms/schemas/GG_LobbyingForm-V1.1.xsd,255,fid/255,https://www.grants.gov/forms/form-items-description/fid/255,https://apply07.grants.gov/apply/forms/instructions/GG_LobbyingForm-V1.1-Instructions.pdf,1.1,4040-0013,02/28/2025
SF-424 Mandatory Family,Grants.gov,Other Attachments Form,OtherNarrativeAttachments_1_2-V1.2_F542,https://apply07.grants.gov/apply/forms/sample/OtherNarrativeAttachments_1_2-V1.2.pdf,https://apply07.grants.gov/apply/forms/schemas/OtherNarrativeAttachments_1_2-V1.2.xsd,542,fid/542,https://www.grants.gov/forms/form-items-description/fid/542,https://apply07.grants.gov/apply/forms/instructions/OtherNarrativeAttachments_1_2-V1.2-Instructions.pdf,1.2,,
SF-424 Mandatory Family,USDA,Grant Program Accounting System & Financial Capability Questionnaire (FNS-906),FNS_906-V1.0_F832,https://apply07.grants.gov/apply/forms/sample/FNS_906-V1.0.pdf,https://apply07.grants.gov/apply/forms/schemas/FNS_906-V1.0.xsd,832,fid/832,https://www.grants.gov/forms/form-items-description/fid/832,,1,0584-0512,07/31/2025
SF-424 Mandatory Family,DOT,FRA F 30,FRA-V1.0_F648,https://apply07.grants.gov/apply/forms/sample/FRA-V1.0.pdf,https://apply07.grants.gov/apply/forms/schemas/FRA-V1.0.xsd,648,fid/648,https://www.grants.gov/forms/form-items-description/fid/648,,1,2130-0615,01/31/2025
SF-424 Mandatory Family,Grants.gov,Project Abstract Summary,Project_AbstractSummary_2_0-V2.0_F591,https://apply07.grants.gov/apply/forms/sample/Project_AbstractSummary_2_0-V2.0.pdf,https://apply07.grants.gov/apply/forms/schemas/Project_AbstractSummary_2_0-V2.0.xsd,591,fid/591,https://www.grants.gov/forms/form-items-description/fid/591,,2,4040-0019,02/28/2025
SF-424 Mandatory Family,Grants.gov,Assurances for Non-Construction Programs (SF-424B - Mandatory),Mandatory_SF424B-V1.1_F328,https://apply07.grants.gov/apply/forms/sample/Mandatory_SF424B-V1.1.pdf,https://apply07.grants.gov/apply/forms/schemas/Mandatory_SF424B-V1.1.xsd,328,fid/328,https://www.grants.gov/forms/form-items-description/fid/328,https://apply07.grants.gov/apply/forms/instructions/Mandatory_SF424B-V1.1-Instructions.pdf,1.1,4040-0007,02/28/2025
SF-424 Mandatory Family,Grants.gov,Disclosure of Lobbying Activities (SF-LLL),SFLLL_2_0-V2.0_F670,https://apply07.grants.gov/apply/forms/sample/SFLLL_2_0-V2.0.pdf,https://apply07.grants.gov/apply/forms/schemas/SFLLL_2_0-V2.0.xsd,670,fid/670,https://www.grants.gov/forms/form-items-description/fid/670,https://apply07.grants.gov/apply/forms/instructions/SFLLL_2_0-V2.0-Instructions.pdf,2,4040-0013,02/28/2025
SF-424 Mandatory Family,Grants.gov,Budget Narrative Attachment Form,BudgetNarrativeAttachments_1_2-V1.2_F543,https://apply07.grants.gov/apply/forms/sample/BudgetNarrativeAttachments_1_2-V1.2.pdf,https://apply07.grants.gov/apply/forms/schemas/BudgetNarrativeAttachments_1_2-V1.2.xsd,543,fid/543,https://www.grants.gov/forms/form-items-description/fid/543,https://apply07.grants.gov/apply/forms/instructions/BudgetNarrativeAttachments_1_2-V1.2-Instructions.pdf,1.2,,
SF-424 Mandatory Family,Grants.gov,Attachments,AttachmentForm_1_2-V1.2_F540,https://apply07.grants.gov/apply/forms/sample/AttachmentForm_1_2-V1.2.pdf,https://apply07.grants.gov/apply/forms/schemas/AttachmentForm_1_2-V1.2.xsd,540,fid/540,https://www.grants.gov/forms/form-items-description/fid/540,https://apply07.grants.gov/apply/forms/instructions/AttachmentForm_1_2-V1.2-Instructions.pdf,1.2,,
SF-424 Mandatory Family,Grants.gov,Project Abstract,Project_Abstract_1_2-V1.2_F541,https://apply07.grants.gov/apply/forms/sample/Project_Abstract_1_2-V1.2.pdf,https://apply07.grants.gov/apply/forms/schemas/Project_Abstract_1_2-V1.2.xsd,541,fid/541,https://www.grants.gov/forms/form-items-description/fid/541,https://apply07.grants.gov/apply/forms/instructions/Project_Abstract_1_2-V1.2-Instructions.pdf,1.2,4040-0010,12/31/2026
SF-424 Mandatory Family,Grants.gov,Project/Performance Site Location(s),PerformanceSite_4_0-V4.0_F723,https://apply07.grants.gov/apply/forms/sample/PerformanceSite_4_0-V4.0.pdf,https://apply07.grants.gov/apply/forms/schemas/PerformanceSite_4_0-V4.0.xsd,723,fid/723,https://www.grants.gov/forms/form-items-description/fid/723,https://apply07.grants.gov/apply/forms/instructions/PerformanceSite_4_0-V4.0-Instructions.pdf,4,4040-0010,12/31/2026
SF-424 Short Organization Family,Grants.gov,Project/Performance Site Location(s),PerformanceSite_4_0-V4.0_F723,https://apply07.grants.gov/apply/forms/sample/PerformanceSite_4_0-V4.0.pdf,https://apply07.grants.gov/apply/forms/schemas/PerformanceSite_4_0-V4.0.xsd,723,fid/723,https://www.grants.gov/forms/form-items-description/fid/723,https://apply07.grants.gov/apply/forms/instructions/PerformanceSite_4_0-V4.0-Instructions.pdf,4,4040-0010,12/31/2026
SF-424 Short Organization Family,Grants.gov,Project Abstract,Project_Abstract_1_2-V1.2_F541,https://apply07.grants.gov/apply/forms/sample/Project_Abstract_1_2-V1.2.pdf,https://apply07.grants.gov/apply/forms/schemas/Project_Abstract_1_2-V1.2.xsd,541,fid/541,https://www.grants.gov/forms/form-items-description/fid/541,https://apply07.grants.gov/apply/forms/instructions/Project_Abstract_1_2-V1.2-Instructions.pdf,1.2,4040-0010,12/31/2026
SF-424 Short Organization Family,IMLS,IMLS Library Program Information Form,IMLS_Library_4_1-V4.1_F837,https://apply07.grants.gov/apply/forms/sample/IMLS_Library_4_1-V4.1.pdf,https://apply07.grants.gov/apply/forms/schemas/IMLS_Library_4_1-V4.1.xsd,837,fid/837,https://www.grants.gov/forms/form-items-description/fid/837,,4.1,3137-0092,05/31/2026
SF-424 Short Organization Family,NEH,Supplementary Cover Sheet for NEH Grant Programs,SupplementaryCoverSheetforNEHGrantPrograms_3_0-V3.0_F530,https://apply07.grants.gov/apply/forms/sample/SupplementaryCoverSheetforNEHGrantPrograms_3_0-V3.0.pdf,https://apply07.grants.gov/apply/forms/schemas/SupplementaryCoverSheetforNEHGrantPrograms_3_0-V3.0.xsd,530,fid/530,https://www.grants.gov/forms/form-items-description/fid/530,,3,3136-0134,10/31/2027
SF-424 Short Organization Family,Grants.gov,Attachments,AttachmentForm_1_2-V1.2_F540,https://apply07.grants.gov/apply/forms/sample/AttachmentForm_1_2-V1.2.pdf,https://apply07.grants.gov/apply/forms/schemas/AttachmentForm_1_2-V1.2.xsd,540,fid/540,https://www.grants.gov/forms/form-items-description/fid/540,https://apply07.grants.gov/apply/forms/instructions/AttachmentForm_1_2-V1.2-Instructions.pdf,1.2,,
SF-424 Short Organization Family,Grants.gov,Research & Related Budget 10YR,RR_Budget10_3_0-V3.0_F771,https://apply07.grants.gov/apply/forms/sample/RR_Budget10_3_0-V3.0.pdf,https://apply07.grants.gov/apply/forms/schemas/RR_Budget10_3_0-V3.0.xsd,771,fid/771,https://www.grants.gov/forms/form-items-description/fid/771,,3,4040-0001,11/30/2025
SF-424 Short Organization Family,Grants.gov,Other Attachments Form,OtherNarrativeAttachments_1_2-V1.2_F542,https://apply07.grants.gov/apply/forms/sample/OtherNarrativeAttachments_1_2-V1.2.pdf,https://apply07.grants.gov/apply/forms/schemas/OtherNarrativeAttachments_1_2-V1.2.xsd,542,fid/542,https://www.grants.gov/forms/form-items-description/fid/542,https://apply07.grants.gov/apply/forms/instructions/OtherNarrativeAttachments_1_2-V1.2-Instructions.pdf,1.2,,
SF-424 Short Organization Family,Grants.gov,Key Contacts,Key_Contacts_2_0-V2.0_F683,https://apply07.grants.gov/apply/forms/sample/Key_Contacts_2_0-V2.0.pdf,https://apply07.grants.gov/apply/forms/schemas/Key_Contacts_2_0-V2.0.xsd,683,fid/683,https://www.grants.gov/forms/form-items-description/fid/683,https://apply07.grants.gov/apply/forms/instructions/Key_Contacts_2_0-V2.0-Instructions.pdf,2,4040-0010,12/31/2026
SF-424 Short Organization Family,Grants.gov,Budget Narrative Attachment Form,BudgetNarrativeAttachments_1_2-V1.2_F543,https://apply07.grants.gov/apply/forms/sample/BudgetNarrativeAttachments_1_2-V1.2.pdf,https://apply07.grants.gov/apply/forms/schemas/BudgetNarrativeAttachments_1_2-V1.2.xsd,543,fid/543,https://www.grants.gov/forms/form-items-description/fid/543,https://apply07.grants.gov/apply/forms/instructions/BudgetNarrativeAttachments_1_2-V1.2-Instructions.pdf,1.2,,
SF-424 Short Organization Family,NEH,NEH Institutional Profile,NEHInstitutionalProfile-V1.0_F417,https://apply07.grants.gov/apply/forms/sample/NEHInstitutionalProfile-V1.0.pdf,https://apply07.grants.gov/apply/forms/schemas/NEHInstitutionalProfile-V1.0.xsd,417,fid/417,https://www.grants.gov/forms/form-items-description/fid/417,,1,3136-0134,10/31/2027
SF-424 Short Organization Family,Grants.gov,Budget Information for Construction Programs (SF-424C),SF424C_2_0-V2.0_F408,https://apply07.grants.gov/apply/forms/sample/SF424C_2_0-V2.0.pdf,https://apply07.grants.gov/apply/forms/schemas/SF424C_2_0-V2.0.xsd,408,fid/408,https://www.grants.gov/forms/form-items-description/fid/408,https://apply07.grants.gov/apply/forms/instructions/SF424C_2_0-V2.0-Instructions.pdf,2,4040-0008,02/28/2025
SF-424 Short Organization Family,Grants.gov,Project Narrative Attachment Form,ProjectNarrativeAttachments_1_2-V1.2_F539,https://apply07.grants.gov/apply/forms/sample/ProjectNarrativeAttachments_1_2-V1.2.pdf,https://apply07.grants.gov/apply/forms/schemas/ProjectNarrativeAttachments_1_2-V1.2.xsd,539,fid/539,https://www.grants.gov/forms/form-items-description/fid/539,https://apply07.grants.gov/apply/forms/instructions/ProjectNarrativeAttachments_1_2-V1.2-Instructions.pdf,1.2,,
SF-424 Short Organization Family,Grants.gov,Grants.gov Lobbying Form,GG_LobbyingForm-V1.1_F255,https://apply07.grants.gov/apply/forms/sample/GG_LobbyingForm-V1.1.pdf,https://apply07.grants.gov/apply/forms/schemas/GG_LobbyingForm-V1.1.xsd,255,fid/255,https://www.grants.gov/forms/form-items-description/fid/255,https://apply07.grants.gov/apply/forms/instructions/GG_LobbyingForm-V1.1-Instructions.pdf,1.1,4040-0013,02/28/2025
SF-424 Short Organization Family,Grants.gov,Budget Information for Non-Construction Programs (SF-424A),SF424A-V1.0_F241,https://apply07.grants.gov/apply/forms/sample/SF424A-V1.0.pdf,https://apply07.grants.gov/apply/forms/schemas/SF424A-V1.0.xsd,241,fid/241,https://www.grants.gov/forms/form-items-description/fid/241,https://apply07.grants.gov/apply/forms/instructions/SF424A-V1.0-Instructions.pdf,1,4040-0006,02/28/2025
SF-424 Short Organization Family,NEH,Supplementary Cover Sheet for NEH State Councils,SupplementaryCoverSheetforNEHStateCouncils-V1.0_F518,https://apply07.grants.gov/apply/forms/sample/SupplementaryCoverSheetforNEHStateCouncils-V1.0.pdf,https://apply07.grants.gov/apply/forms/schemas/SupplementaryCoverSheetforNEHStateCouncils-V1.0.xsd,518,fid/518,https://www.grants.gov/forms/form-items-description/fid/518,,1,3136-0134,10/31/2027
SF-424 Short Organization Family,DOC,CD511 Form,CD511-V1.1_F276,https://apply07.grants.gov/apply/forms/sample/CD511-V1.1.pdf,https://apply07.grants.gov/apply/forms/schemas/CD511-V1.1.xsd,276,fid/276,https://www.grants.gov/forms/form-items-description/fid/276,,1.1,,
SF-424 Short Organization Family,Grants.gov,Application for Federal Domestic Assistance-Short Organizational,SF424_Short_3_0-V3.0_F711,https://apply07.grants.gov/apply/forms/sample/SF424_Short_3_0-V3.0.pdf,https://apply07.grants.gov/apply/forms/schemas/SF424_Short_3_0-V3.0.xsd,711,fid/711,https://www.grants.gov/forms/form-items-description/fid/711,https://apply07.grants.gov/apply/forms/instructions/SF424_Short_3_0-V3.0-Instructions.pdf,3,4040-0003,02/28/2025
SF-424 Short Organization Family,IMLS,IMLS Supplementary Information Form,IMLS_Supplementary_4_0-V4.0_F809,https://apply07.grants.gov/apply/forms/sample/IMLS_Supplementary_4_0-V4.0.pdf,https://apply07.grants.gov/apply/forms/schemas/IMLS_Supplementary_4_0-V4.0.xsd,809,fid/809,https://www.grants.gov/forms/form-items-description/fid/809,,4,3137-0092,05/31/2026
SF-424 Short Organization Family,Grants.gov,Disclosure of Lobbying Activities (SF-LLL),SFLLL_2_0-V2.0_F670,https://apply07.grants.gov/apply/forms/sample/SFLLL_2_0-V2.0.pdf,https://apply07.grants.gov/apply/forms/schemas/SFLLL_2_0-V2.0.xsd,670,fid/670,https://www.grants.gov/forms/form-items-description/fid/670,https://apply07.grants.gov/apply/forms/instructions/SFLLL_2_0-V2.0-Instructions.pdf,2,4040-0013,02/28/2025
SF-424 Short Organization Family,Grants.gov,Project Abstract Summary,Project_AbstractSummary_2_0-V2.0_F591,https://apply07.grants.gov/apply/forms/sample/Project_AbstractSummary_2_0-V2.0.pdf,https://apply07.grants.gov/apply/forms/schemas/Project_AbstractSummary_2_0-V2.0.xsd,591,fid/591,https://www.grants.gov/forms/form-items-description/fid/591,,2,4040-0019,02/28/2025
SF-424 Short Organization Family,Grants.gov,Assurances for Non-Construction Programs (SF-424B),SF424B-V1.1_F240,https://apply07.grants.gov/apply/forms/sample/SF424B-V1.1.pdf,https://apply07.grants.gov/apply/forms/schemas/SF424B-V1.1.xsd,240,fid/240,https://www.grants.gov/forms/form-items-description/fid/240,https://apply07.grants.gov/apply/forms/instructions/SF424B-V1.1-Instructions.pdf,1.1,4040-0007,02/28/2025
SF-424 Short Organization Family,NEH,ASSURANCES AS TO LABOR STANDARDS,NEH_Labor_Standards-V1.0_F700,https://apply07.grants.gov/apply/forms/sample/NEH_Labor_Standards-V1.0.pdf,https://apply07.grants.gov/apply/forms/schemas/NEH_Labor_Standards-V1.0.xsd,700,fid/700,https://www.grants.gov/forms/form-items-description/fid/700,,1,3136-0134,10/31/2027
SF-424 Short Organization Family,IMLS,IMLS Museum Program Information Form,IMLS_Museum_4_0-V4.0_F830,https://apply07.grants.gov/apply/forms/sample/IMLS_Museum_4_0-V4.0.pdf,https://apply07.grants.gov/apply/forms/schemas/IMLS_Museum_4_0-V4.0.xsd,830,fid/830,https://www.grants.gov/forms/form-items-description/fid/830,,4,3137-0092,05/31/2026
SF-424 Short Organization Family,USDA,NIFA Supplemental Information,NIFA_Supplemental_Info_1_2-V1.2_F483,https://apply07.grants.gov/apply/forms/sample/NIFA_Supplemental_Info_1_2-V1.2.pdf,https://apply07.grants.gov/apply/forms/schemas/NIFA_Supplemental_Info_1_2-V1.2.xsd,483,fid/483,https://www.grants.gov/forms/form-items-description/fid/483,,1.2,0524-0039,08/31/2025
SF-424 Short Organization Family,Grants.gov,Assurances for Construction Programs (SF-424D),SF424D-V1.1_F238,https://apply07.grants.gov/apply/forms/sample/SF424D-V1.1.pdf,https://apply07.grants.gov/apply/forms/schemas/SF424D-V1.1.xsd,238,fid/238,https://www.grants.gov/forms/form-items-description/fid/238,https://apply07.grants.gov/apply/forms/instructions/SF424D-V1.1-Instructions.pdf,1.1,4040-0009,02/28/2025
Post-Award Reporting Forms,Grants.gov,Tangible Personal Property Report - Disposition Request/Report - SF-428-C,SF428C_2_0-V2.0_F794,https://apply07.grants.gov/apply/forms/sample/SF428C_2_0-V2.0.pdf,https://apply07.grants.gov/apply/forms/schemas/SF428C_2_0-V2.0.xsd,794,fid/794,https://www.grants.gov/forms/form-items-description/fid/794,https://apply07.grants.gov/apply/forms/instructions/SF428C_2_0-V2.0-Instructions.pdf,2,4040-0018,12/31/2027
Post-Award Reporting Forms,Grants.gov,Tangible Personal Property Report - Final Report - SF-428-B,SF428B_2_0-V2.0_F793,https://apply07.grants.gov/apply/forms/sample/SF428B_2_0-V2.0.pdf,https://apply07.grants.gov/apply/forms/schemas/SF428B_2_0-V2.0.xsd,793,fid/793,https://www.grants.gov/forms/form-items-description/fid/793,https://apply07.grants.gov/apply/forms/instructions/SF428B_2_0-V2.0-Instructions.pdf,2,4040-0018,12/31/2027
Post-Award Reporting Forms,Grants.gov,Tangible Personal Property Report - SF-428,SF428_2_0-V2.0_F753,https://apply07.grants.gov/apply/forms/sample/SF428_2_0-V2.0.pdf,https://apply07.grants.gov/apply/forms/schemas/SF428_2_0-V2.0.xsd,753,fid/753,https://www.grants.gov/forms/form-items-description/fid/753,https://apply07.grants.gov/apply/forms/instructions/SF428_2_0-V2.0-Instructions.pdf,2,4040-0018,12/31/2027
Post-Award Reporting Forms,Grants.gov,Tangible Personal Property Report - Supplemental Sheet - SF-428-S,SF428S-V1.0_F631,https://apply07.grants.gov/apply/forms/sample/SF428S-V1.0.pdf,https://apply07.grants.gov/apply/forms/schemas/SF428S-V1.0.xsd,631,fid/631,https://www.grants.gov/forms/form-items-description/fid/631,https://apply07.grants.gov/apply/forms/instructions/SF428S-V1.0-Instructions.pdf,1,4040-0018,12/31/2027
Post-Award Reporting Forms,Grants.gov,Tangible Personal Property Report - Annual Report - SF-428-A,SF428A-V1.0_F628,https://apply07.grants.gov/apply/forms/sample/SF428A-V1.0.pdf,https://apply07.grants.gov/apply/forms/schemas/SF428A-V1.0.xsd,628,fid/628,https://www.grants.gov/forms/form-items-description/fid/628,https://apply07.grants.gov/apply/forms/instructions/SF428A-V1.0-Instructions.pdf,1,4040-0018,12/31/2027
Post-Award Reporting Forms,Grants.gov,SF-429 Real Property Status Report (Cover Page),SF429_2_0-V2.0_F754,https://apply07.grants.gov/apply/forms/sample/SF429_2_0-V2.0.pdf,https://apply07.grants.gov/apply/forms/schemas/SF429_2_0-V2.0.xsd,754,fid/754,https://www.grants.gov/forms/form-items-description/fid/754,https://apply07.grants.gov/apply/forms/instructions/SF429_2_0-V2.0-Instructions.pdf,2,4040-0016,02/28/2025
Post-Award Reporting Forms,Grants.gov,"SF-429-B Real Property Status Report ATTACHMENT B (Request to Acquire, Improve or Furnish)",SF429B-V1.0_F558,https://apply07.grants.gov/apply/forms/sample/SF429B-V1.0.pdf,https://apply07.grants.gov/apply/forms/schemas/SF429B-V1.0.xsd,558,fid/558,https://www.grants.gov/forms/form-items-description/fid/558,https://apply07.grants.gov/apply/forms/instructions/SF429B-V1.0-Instructions.pdf,1,4040-0016,02/28/2025
Post-Award Reporting Forms,Grants.gov,Federal Financial Report Attachment (SF-425A),SF425a_2_0-V2.0_F752,https://apply07.grants.gov/apply/forms/sample/SF425a_2_0-V2.0.pdf,https://apply07.grants.gov/apply/forms/schemas/SF425a_2_0-V2.0.xsd,752,fid/752,https://www.grants.gov/forms/form-items-description/fid/752,https://apply07.grants.gov/apply/forms/instructions/SF425a_2_0-V2.0-Instructions.pdf,2,4040-0014,02/28/2025
Post-Award Reporting Forms,Grants.gov,Federal Financial Report (SF-425),SF425_3_0-V3.0_F751,https://apply07.grants.gov/apply/forms/sample/SF425_3_0-V3.0.pdf,https://apply07.grants.gov/apply/forms/schemas/SF425_3_0-V3.0.xsd,751,fid/751,https://www.grants.gov/forms/form-items-description/fid/751,https://apply07.grants.gov/apply/forms/instructions/SF425_3_0-V3.0-Instructions.pdf,3,4040-0014,02/28/2025
Post-Award Reporting Forms,Grants.gov,INSTRUCTIONS FOR THE SF-429 Real Property Status Report,SF429Instructions-V1.0_F556,https://apply07.grants.gov/apply/forms/sample/SF429Instructions-V1.0.pdf,https://apply07.grants.gov/apply/forms/schemas/SF429Instructions-V1.0.xsd,556,fid/556,https://www.grants.gov/forms/form-items-description/fid/556,,1,4040-0016,02/28/2025
Post-Award Reporting Forms,Grants.gov,SF-429-A Real Property Status Report ATTACHMENT A (General Reporting),SF429A-V1.0_F557,https://apply07.grants.gov/apply/forms/sample/SF429A-V1.0.pdf,https://apply07.grants.gov/apply/forms/schemas/SF429A-V1.0.xsd,557,fid/557,https://www.grants.gov/forms/form-items-description/fid/557,https://apply07.grants.gov/apply/forms/instructions/SF429A-V1.0-Instructions.pdf,1,4040-0016,02/28/2025
Post-Award Reporting Forms,Grants.gov,SF-429-C Real Property Status Report ATTACHMENT C (Disposition or Encumbrance Request),SF429C-V1.0_F559,https://apply07.grants.gov/apply/forms/sample/SF429C-V1.0.pdf,https://apply07.grants.gov/apply/forms/schemas/SF429C-V1.0.xsd,559,fid/559,https://www.grants.gov/forms/form-items-description/fid/559,https://apply07.grants.gov/apply/forms/instructions/SF429C-V1.0-Instructions.pdf,1,4040-0016,02/28/2025
Post-Award Reporting Forms,Grants.gov,Disclosure of Lobbying Activities (SF-LLL),SFLLL_1_2_P-V1.2_F535,https://apply07.grants.gov/apply/forms/sample/SFLLL_1_2_P-V1.2.pdf,https://apply07.grants.gov/apply/forms/schemas/SFLLL_1_2_P-V1.2.xsd,535,fid/535,https://www.grants.gov/forms/form-items-description/fid/535,https://apply07.grants.gov/apply/forms/instructions/SFLLL_1_2_P-V1.2-Instructions.pdf,1.2,4040-0013,02/28/2025
Post-Award Reporting Forms,Grants.gov,SF-270 Request for Advance or Reimbursement,SF270-V1.0_F552,https://apply07.grants.gov/apply/forms/sample/SF270-V1.0.pdf,https://apply07.grants.gov/apply/forms/schemas/SF270-V1.0.xsd,552,fid/552,https://www.grants.gov/forms/form-items-description/fid/552,https://apply07.grants.gov/apply/forms/instructions/SF270-V1.0-Instructions.pdf,1,4040-0012,01/31/2025
Post-Award Reporting Forms,Grants.gov,SF-271 Outlay Report and Request for Reimbursement for Construction Programs,SF271-V1.0_F555,https://apply07.grants.gov/apply/forms/sample/SF271-V1.0.pdf,https://apply07.grants.gov/apply/forms/schemas/SF271-V1.0.xsd,555,fid/555,https://www.grants.gov/forms/form-items-description/fid/555,https://apply07.grants.gov/apply/forms/instructions/SF271-V1.0-Instructions.pdf,1,4040-0011,01/31/2025